<configuration>
    <include resource="org/springframework/boot/logging/logback/base.xml"/>
    <springProfile name="!test">
    <appender name="LOGSTASH" class="net.logstash.logback.appender.LogstashTcpSocketAppender">
        <destination>${LOGSTASH_HOST}</destination>
        <encoder class="net.logstash.logback.encoder.LoggingEventCompositeJsonEncoder">
            <providers>
                <timestamp>
                    <timeZone>UTC</timeZone>
                </timestamp>
                <pattern>
                    <pattern>
                        {
                            "service": "${spring.application.name:-auth-service}",
                            "level": "%level",
                            "thread": "%thread",
                            "logger": "%logger",
                            "message": "%message"
                        }
                    </pattern>
                </pattern>
                <arguments/>
                <stackTrace/>
            </providers>
        </encoder>
    </appender>

    <root level="INFO">
        <appender-ref ref="LOGSTASH"/>
    </root>
</springProfile>
</configuration>
